user_id,sex,age,marital_status,income,ethnicity,region_id
0,0,63,1,5622,0,0
1,1,54,2,7653,0,2
2,1,28,0,7765,0,1
3,1,69,1,2695,2,0
4,0,43,2,1953,0,1
5,0,50,0,9277,0,0
6,1,58,0,5801,2,0
7,0,52,0,7155,2,1
8,1,33,0,6884,0,2
9,0,44,2,3002,1,2
10,1,66,1,3722,1,0
11,0,59,2,2952,1,0
12,1,70,0,6490,2,0
13,0,70,1,4195,2,2
14,1,52,2,5226,0,1
15,1,42,2,4338,0,0
16,0,25,0,3260,1,1
17,0,19,0,3343,1,0
18,1,19,2,5607,2,1
19,0,34,0,1288,2,1
20,0,38,2,7704,1,1
21,1,43,2,5138,1,1
22,0,54,0,4232,2,1
23,0,41,1,2728,0,2
24,0,33,2,5282,1,1
25,0,32,0,8318,0,2
26,0,66,2,6697,1,0
27,1,18,1,6160,1,0
28,0,23,1,8850,0,1
29,0,53,1,4569,2,2
30,0,71,1,7559,1,2
31,1,57,2,4509,2,0
32,1,60,1,5466,2,1
33,0,56,0,1854,2,1
34,1,39,0,9711,2,2
35,0,26,2,3457,0,2
36,0,58,0,6257,1,2
37,0,49,1,4931,0,0
38,0,59,0,7512,2,1
39,0,42,2,1996,1,1
40,0,54,1,3721,1,0
41,0,38,2,8687,0,0
42,1,55,0,1701,1,2
43,0,52,2,8352,1,1
44,1,28,1,6581,2,0
45,0,36,2,7211,0,2
46,1,24,1,6426,2,1
47,0,41,0,9583,0,2
48,0,45,0,9612,1,2
49,1,71,2,4089,0,0
50,1,25,2,7940,1,1
51,0,55,0,1860,0,2
52,0,33,0,3009,1,2
53,0,49,0,9280,2,1
54,1,52,0,7847,2,0
55,0,52,2,9782,1,2
56,1,65,1,7396,2,2
57,1,21,0,6584,1,1
58,0,38,1,6749,2,0
59,0,59,1,2821,0,1
60,1,70,1,2392,2,0
61,1,71,1,7064,2,1
62,1,45,1,4359,2,1
63,0,64,0,3802,0,2
64,1,55,1,8959,2,1
65,1,63,1,6293,2,0
66,1,37,2,6272,0,0
67,1,63,1,8543,2,1
68,1,40,2,4503,0,2
69,1,43,2,1436,0,0
70,1,60,0,1572,0,0
71,0,71,2,6633,0,1
72,0,37,1,8139,2,1
73,0,31,1,1210,2,0
74,1,48,0,7899,2,0
75,1,59,0,7796,0,2
76,1,22,2,7229,0,0
77,1,43,1,2708,2,1
78,0,28,2,3497,1,2
79,0,29,0,6889,0,0
80,0,46,0,1886,1,1
81,1,69,1,8292,0,2
82,0,70,2,7568,0,2
83,0,60,2,3388,2,1
84,1,72,0,7129,2,2
85,1,20,1,9829,2,1
86,0,68,0,5970,2,0
87,0,43,0,5709,1,0
88,0,31,2,7741,1,0
89,0,44,1,2366,2,1
90,1,62,1,9034,2,0
91,0,58,1,2556,0,2
92,0,62,2,5047,0,1
93,1,55,1,3483,2,2
94,1,41,2,8239,0,1
95,1,72,2,4473,0,1
96,0,34,0,9562,2,2
97,1,21,2,2205,2,0
98,0,25,1,7970,0,1
99,0,27,0,2162,0,2
100,0,28,2,2036,0,0
101,0,61,1,4895,1,1
102,0,40,0,8142,2,2
103,1,50,1,1463,0,2
104,1,20,2,8243,0,1
105,1,54,0,2544,1,1
106,1,65,1,5733,2,0
107,1,70,0,8719,0,1
108,1,50,1,3512,1,0
109,1,71,1,2816,2,1
110,1,22,0,1526,2,1
111,0,27,1,4264,0,0
112,1,31,2,1015,2,2
113,0,31,2,1018,0,1
114,0,69,0,7839,2,1
115,1,57,0,6881,2,0
116,1,44,1,3262,0,1
117,1,61,2,5152,0,0
118,0,38,0,9511,1,0
119,1,23,0,2628,2,0
120,0,70,0,7111,2,1
121,1,18,0,2614,0,1
122,1,74,1,1146,1,2
123,1,59,0,2706,0,2
124,1,50,0,9688,2,0
125,1,69,0,7692,0,2
126,1,37,2,1957,1,1
127,1,70,0,1617,1,0
128,1,71,2,3819,0,2
129,0,64,1,9361,2,2
130,0,67,1,8309,1,2
131,1,20,0,3158,0,2
132,0,67,2,7945,2,0
133,1,41,1,6619,2,1
134,1,57,2,3065,2,1
135,1,22,0,6222,0,1
136,0,27,2,7378,2,1
137,1,74,2,3890,0,2
138,0,56,2,2588,0,0
139,1,52,0,6349,2,1
140,0,61,0,3513,2,1
141,1,48,1,6123,2,0
142,1,36,1,3852,0,2
143,1,54,0,9000,1,2
144,0,51,2,5594,2,1
145,0,36,0,6320,1,2
146,0,57,0,5056,2,0
147,1,73,1,8550,0,0
148,1,27,1,4329,0,2
149,1,58,0,5576,2,1
150,1,20,0,7692,0,0
151,0,46,0,5898,1,1
152,0,74,2,7055,1,1
153,0,71,2,2177,1,2
154,0,42,2,8335,0,0
155,1,58,2,2518,1,2
156,0,31,0,4798,2,0
157,0,56,2,7119,1,1
158,0,66,2,8048,0,1
159,1,37,2,8864,0,1
160,1,65,1,3798,2,2
161,0,72,1,1156,1,2
162,0,42,0,4080,0,0
163,1,23,2,7826,1,0
164,0,67,1,6974,0,2
165,1,48,0,7961,0,0
166,0,25,1,2141,2,0
167,1,37,2,4911,0,0
168,1,63,0,8205,0,1
169,0,68,1,9211,1,1
170,0,29,2,8092,0,2
171,1,23,0,1972,1,0
172,1,34,2,1563,0,1
173,0,44,0,7153,2,1
174,1,39,1,9328,2,0
175,1,25,0,3440,2,1
176,1,55,1,1060,1,1
177,0,37,1,9148,2,1
178,0,34,2,2184,0,2
179,1,70,0,8203,0,0
180,0,46,1,5872,2,1
181,1,71,0,2184,1,2
182,1,49,1,8020,2,2
183,0,40,1,5963,2,1
184,1,19,1,7028,2,1
185,1,57,2,2475,2,0
186,1,28,1,9606,2,0
187,1,43,0,5208,1,0
188,1,21,1,5746,1,0
189,1,66,0,4291,1,2
190,0,18,0,5617,1,0
191,0,73,2,9056,1,0
192,1,30,1,2518,0,2
193,1,22,1,5932,1,2
194,0,39,2,1458,0,1
195,1,60,2,2697,1,2
196,0,74,1,6952,0,1
197,0,46,0,9468,0,2
198,0,20,2,6751,1,1
199,0,36,1,4755,2,1
200,1,23,2,1648,0,0
201,1,53,1,6322,1,2
202,1,56,1,7439,1,2
203,0,37,1,5491,2,2
204,1,67,0,9605,1,1
205,1,69,1,8368,2,2
206,1,24,2,3923,1,2
207,1,44,2,2396,0,1
208,0,49,2,4284,0,0
209,1,57,0,3119,0,0
210,0,45,1,1831,1,0
211,0,71,2,6153,0,1
212,1,46,0,9798,2,0
213,0,55,0,9279,0,1
214,0,36,1,1024,0,0
215,1,34,1,9725,1,0
216,1,23,0,2850,1,2
217,1,47,1,8012,0,1
218,0,24,1,2505,0,2
219,0,72,0,3759,0,0
220,0,40,1,8549,0,1
221,0,20,1,8135,0,1
222,1,32,2,1587,0,0
223,0,72,0,6909,1,0
224,0,65,0,8082,0,1
225,1,31,1,3153,1,0
226,0,18,2,2362,0,0
227,1,34,2,4404,0,0
228,0,36,2,6016,1,2
229,1,19,1,2712,0,2
230,0,32,0,5247,1,0
231,0,47,0,2557,2,0
232,0,40,2,9171,1,0
233,1,51,2,7958,0,0
234,0,18,2,3008,0,0
235,1,38,1,6623,1,2
236,1,57,0,3235,1,2
237,1,72,0,7389,1,1
238,1,23,1,9488,0,0
239,0,68,2,7690,2,1
240,0,28,1,9565,0,0
241,0,25,0,1919,0,0
242,0,49,1,8905,2,1
243,1,61,1,4887,1,2
244,0,43,1,1635,0,2
245,0,73,1,3453,2,1
246,1,72,2,9922,1,1
247,0,45,2,3444,0,2
248,0,28,1,5436,0,2
249,0,20,1,8452,2,2
250,0,25,1,9627,0,1
251,0,43,0,7301,2,0
252,0,22,0,5366,0,2
253,1,48,1,5644,1,0
254,0,56,0,1465,1,1
255,1,53,0,8783,2,2
256,1,65,2,2437,1,0
257,1,21,0,9542,1,1
258,1,44,1,4549,2,1
259,1,58,0,6930,2,2
260,1,27,0,2296,0,2
261,1,19,2,4871,0,0
262,1,33,1,7697,1,2
263,1,22,0,3307,2,0
264,1,56,2,9364,1,2
265,1,35,2,2882,1,0
266,0,44,1,7068,1,2
267,1,72,2,7189,2,1
268,0,44,1,5257,0,2
269,0,22,0,7632,1,2
270,1,65,1,7977,2,0
271,0,34,1,1531,0,2
272,1,65,0,2991,0,0
273,0,48,0,5576,2,2
274,0,55,2,4575,0,0
275,0,42,2,1595,1,2
276,0,55,2,4392,2,2
277,0,46,0,2721,2,2
278,1,69,2,6694,0,2
279,0,23,2,2207,1,0
280,1,67,0,8980,1,1
281,0,41,0,8554,1,1
282,1,31,1,9702,1,0
283,0,68,1,4146,1,1
284,1,70,0,9143,0,2
285,0,52,2,9246,0,2
286,0,20,0,5731,2,2
287,0,43,1,2510,0,1
288,1,31,1,1720,2,1
289,1,63,0,3477,0,0
290,0,59,2,3683,1,0
291,0,55,2,9962,0,1
292,0,34,2,1644,2,2
293,1,20,1,9943,0,0
294,0,41,1,2350,1,1
295,0,27,1,9189,0,1
296,0,54,0,4375,1,0
297,1,26,1,4177,0,1
298,1,74,1,8283,1,1
299,1,51,2,7977,1,1
300,0,48,1,7286,2,2
301,0,58,2,7381,0,0
302,1,22,2,9477,2,0
303,0,39,0,3843,1,1
304,0,27,1,5205,2,1
305,1,47,0,3076,0,1
306,0,44,0,8779,2,0
307,1,66,1,8582,1,2
308,0,28,2,1011,0,2
309,0,63,0,3217,0,2
310,1,60,0,5636,0,2
311,1,60,0,9272,0,0
312,0,63,1,1308,0,2
313,0,39,1,1704,2,1
314,1,32,0,2764,1,0
315,0,27,2,2900,0,1
316,1,38,0,6911,2,2
317,0,60,0,7088,2,2
318,0,73,1,5620,0,0
319,0,48,2,9176,2,2
320,0,74,2,7815,2,0
321,1,57,1,2444,2,0
322,0,50,1,8822,0,2
323,1,44,1,5696,1,1
324,1,74,0,5575,2,2
325,0,37,2,5025,0,1
326,0,49,0,3931,0,2
327,0,67,0,5421,0,2
328,0,74,2,7403,2,2
329,1,50,2,7554,2,1
330,0,63,0,3433,0,1
331,1,20,2,5546,2,0
332,1,18,1,3919,2,2
333,0,28,1,7750,0,0
334,1,30,2,6174,1,2
335,1,31,0,7052,1,2
336,0,19,1,6365,0,2
337,1,56,0,6004,0,1
338,1,67,1,9730,1,2
339,1,39,2,4576,1,0
340,0,41,2,4467,1,2
341,0,41,1,7317,1,2
342,1,27,1,6110,1,0
343,1,41,0,7442,2,2
344,1,42,1,2533,0,2
345,1,45,1,5317,1,2
346,1,69,1,6808,2,1
347,1,65,2,3314,1,1
348,1,39,2,3309,1,0
349,0,35,1,5365,0,1
350,0,60,0,3016,2,2
351,0,55,1,7821,0,2
352,1,69,2,6369,1,1
353,1,44,1,8500,2,2
354,0,52,0,5540,0,0
355,1,29,1,9064,1,2
356,0,68,2,2704,2,1
357,0,60,2,9491,0,1
358,1,50,1,8609,0,1
359,1,59,2,4346,0,2
360,0,20,1,8965,0,2
361,0,55,0,8096,2,1
362,1,23,0,1442,1,1
363,1,51,0,7363,2,2
364,1,52,0,4162,2,2
365,0,51,0,2587,0,0
366,0,59,2,3521,0,1
367,0,24,2,3937,0,0
368,0,74,2,4563,0,1
369,1,27,2,9995,1,2
370,0,20,2,4248,0,0
371,0,32,0,8998,2,2
372,0,68,1,8457,2,1
373,0,19,0,9879,2,0
374,0,18,2,4912,2,0
375,0,44,2,4045,0,1
376,0,59,0,2206,2,1
377,0,59,2,5231,1,2
378,0,26,2,2617,0,1
379,1,49,0,3605,2,1
380,1,57,2,7814,0,2
381,0,33,1,2366,1,1
382,0,57,0,6041,2,0
383,1,18,1,6615,1,1
384,1,58,2,9665,0,1
385,1,65,0,2387,2,0
386,0,31,1,1549,1,2
387,1,69,2,9220,1,1
388,0,18,0,8588,0,2
389,0,52,2,6302,2,2
390,1,40,0,1767,1,2
391,1,73,1,8477,0,1
392,1,32,1,6538,1,2
393,0,33,1,2141,1,0
394,1,63,2,3933,0,2
395,0,40,2,5175,1,0
396,1,28,1,9352,0,0
397,0,25,0,8106,0,2
398,1,41,2,2845,1,2
399,0,41,0,7288,1,1
400,0,25,0,7493,2,1
401,1,18,0,1860,1,0
402,0,25,2,7425,2,2
403,0,67,0,7573,1,0
404,1,45,1,1661,2,0
405,1,29,0,4885,0,2
406,1,33,2,7799,0,1
407,1,38,2,3315,0,0
408,1,65,2,4712,2,2
409,1,46,1,9470,1,1
410,0,38,1,1444,0,1
411,1,34,1,2271,0,2
412,1,23,2,7817,2,0
413,0,74,1,1510,2,2
414,1,39,0,7078,2,1
415,1,67,1,6599,1,2
416,1,62,0,9095,2,2
417,0,58,1,9991,2,2
418,1,33,1,4787,2,1
419,0,19,1,8741,0,1
420,1,49,2,7833,1,0
421,0,32,1,9489,2,0
422,0,47,1,8134,2,2
423,1,37,2,4500,1,2
424,0,47,0,6826,2,1
425,1,51,2,1544,2,0
426,0,21,1,1583,0,1
427,0,22,1,2491,2,2
428,1,54,2,3635,0,2
429,0,24,0,2918,0,1
430,1,35,2,5839,1,1
431,0,44,1,8736,2,0
432,1,53,0,5638,2,2
433,1,61,2,6708,0,1
434,0,41,2,8538,2,2
435,1,53,0,9155,1,2
436,1,18,1,7869,1,1
437,0,38,1,8841,2,0
438,0,29,0,8305,2,2
439,1,67,1,9487,2,2
440,0,54,2,5505,0,2
441,1,30,1,3829,1,0
442,1,35,0,3384,0,0
443,1,39,0,3554,0,2
444,1,58,2,8022,1,0
445,1,22,2,5703,0,0
446,1,71,0,5387,2,2
447,1,48,0,9636,0,0
448,0,38,2,4760,0,2
449,0,72,0,8822,1,2
450,0,46,0,7820,1,2
451,0,42,2,3943,1,1
452,0,52,2,2831,2,0
453,0,22,0,3428,2,1
454,1,26,2,3925,2,2
455,1,37,0,8824,2,0
456,0,25,0,6806,0,1
457,0,56,0,5155,2,0
458,0,73,1,8151,2,1
459,1,62,0,9514,2,0
460,0,30,0,1464,0,0
461,0,70,1,4275,2,0
462,0,58,2,8791,0,2
463,1,60,0,2194,0,1
464,0,30,2,7494,0,0
465,0,25,2,9346,0,0
466,0,70,1,7744,1,2
467,1,42,2,4054,2,0
468,1,37,1,2800,1,2
469,0,43,0,7721,1,2
470,0,59,0,9513,2,1
471,1,31,0,5830,0,2
472,1,64,1,5449,2,0
473,1,26,2,1008,2,0
474,1,24,1,1930,2,2
475,0,48,0,8122,0,2
476,0,18,1,7591,0,1
477,0,59,1,9401,2,1
478,1,29,2,3256,1,2
479,0,71,1,5616,1,0
480,0,41,2,5903,0,0
481,1,51,2,3406,0,2
482,0,47,2,7536,2,2
483,1,59,2,6137,1,0
484,1,66,2,7204,1,0
485,0,70,1,6862,1,0
486,0,20,2,9793,1,2
487,1,44,1,2133,2,0
488,0,43,1,5294,2,0
489,0,69,0,5842,1,0
490,0,47,0,8747,2,0
491,0,71,1,6961,2,2
492,0,51,0,4709,0,0
493,0,54,0,6443,1,1
494,0,35,1,1152,2,2
495,1,27,2,7880,0,0
496,0,20,1,6173,0,2
497,0,55,1,5404,2,0
498,0,30,1,3876,0,1
499,0,48,0,9896,1,2
500,1,66,2,2733,0,2
501,1,72,2,5583,2,1
502,1,39,2,7068,1,2
503,0,74,0,3880,1,0
504,0,37,0,9531,2,1
505,0,48,2,5163,0,1
506,1,20,2,3650,1,0
507,1,64,0,8753,1,0
508,1,48,2,5290,1,0
509,1,43,1,8555,0,1
510,1,73,0,8895,1,1
511,0,29,0,4535,1,1
512,1,43,2,9865,0,2
513,1,70,2,8300,1,0
514,0,60,1,5944,0,2
515,1,71,2,4360,1,2
516,0,32,2,1321,1,1
517,0,36,2,2038,0,0
518,1,66,2,9463,1,0
519,1,58,2,4960,1,2
520,1,20,2,6565,0,2
521,0,34,2,4247,1,0
522,1,28,1,4989,0,1
523,1,35,2,6205,0,2
524,1,30,2,5913,2,0
525,0,24,0,2211,2,2
526,1,25,1,3763,0,0
527,0,41,0,6703,0,0
528,0,41,1,8227,2,2
529,0,38,2,9074,2,0
530,1,33,1,7095,2,1
531,0,56,0,7439,1,1
532,1,45,1,8642,0,0
533,1,44,2,3938,1,1
534,1,44,0,8195,0,1
535,1,72,1,8981,0,0
536,1,63,1,8616,2,0
537,1,57,0,1036,1,0
538,1,40,1,8932,2,2
539,1,34,2,6310,0,1
540,1,67,2,2334,1,2
541,0,61,1,9656,0,1
542,1,51,2,2439,1,0
543,1,73,1,1528,1,0
544,1,58,1,1858,2,0
545,0,65,0,6342,1,1
546,0,61,2,5498,0,2
547,1,57,2,9583,1,0
548,0,62,0,2653,0,1
549,1,58,1,1174,2,2
550,1,22,1,9605,2,2
551,1,41,1,7478,1,2
552,1,24,2,3758,1,1
553,1,74,2,4764,0,0
554,1,70,0,2751,2,1
555,1,20,0,6259,2,2
556,1,30,0,9014,1,0
557,1,27,2,8691,1,2
558,1,30,2,3627,1,0
559,0,33,2,8826,2,1
560,0,31,1,1978,2,1
561,0,71,1,4153,1,1
562,1,62,0,4123,2,0
563,1,31,0,4193,0,0
564,1,66,0,7548,0,1
565,1,19,2,6845,1,0
566,0,42,1,4023,1,2
567,0,63,0,7395,1,0
568,0,40,0,4331,1,0
569,1,67,2,6651,1,1
570,0,67,0,1444,2,2
571,1,23,2,9042,2,2
572,1,54,1,4774,1,2
573,1,53,2,8003,2,0
574,0,70,2,6896,1,0
575,0,71,2,4147,1,1
576,0,22,2,6889,2,0
577,1,18,2,3222,2,2
578,1,32,1,3883,1,2
579,1,50,2,2334,2,1
580,1,71,2,4637,1,1
581,1,30,1,3412,1,1
582,1,69,2,3467,1,0
583,1,47,1,6907,2,0
584,0,58,2,4199,2,2
585,0,24,0,9107,1,0
586,0,45,2,9407,0,1
587,1,65,2,4015,0,1
588,0,21,1,4197,1,0
589,1,32,1,6329,0,2
590,1,46,2,2691,0,0
591,0,31,0,7810,1,2
592,1,52,0,9343,1,2
593,1,26,0,9463,0,2
594,1,72,1,4801,0,2
595,0,40,2,9965,2,1
596,1,21,1,9276,0,0
597,0,66,1,2677,1,0
598,0,53,1,7598,1,2
599,0,50,0,2723,2,1
600,0,69,0,5087,0,1
601,0,69,2,9707,0,2
602,1,64,2,9516,1,1
603,0,55,1,7278,2,0
604,0,72,2,8618,1,1
605,1,51,2,5031,1,2
606,1,33,2,3374,0,1
607,1,60,0,2748,2,0
608,0,73,2,3518,2,0
609,1,33,2,4276,1,2
610,1,73,0,2276,0,0
611,1,27,1,6813,1,2
612,0,63,1,6750,1,1
613,1,25,0,8973,0,2
614,0,48,0,1831,0,0
615,0,23,1,2062,2,0
616,0,42,2,8128,0,2
617,1,66,2,8758,1,0
618,0,61,1,6956,2,1
619,0,23,2,5352,0,0
620,1,73,0,8801,0,0
621,1,31,1,8012,1,2
622,0,71,1,3761,1,2
623,1,61,0,7983,0,0
624,1,59,2,6991,2,1
625,0,47,1,3435,1,0
626,0,18,2,1157,0,2
627,1,59,2,5627,2,2
628,1,52,0,1053,2,2
629,1,74,0,3716,2,1
630,1,44,0,6883,2,0
631,1,57,2,5346,0,0
632,1,29,0,4944,1,0
633,0,44,2,6288,1,2
634,0,22,2,4800,1,1
635,1,54,1,5070,1,1
636,1,18,1,9499,0,1
637,1,29,0,3443,2,2
638,1,32,2,3508,1,0
639,1,53,0,2836,1,1
640,0,71,1,4316,0,2
641,1,21,2,7562,0,2
642,0,34,0,5777,1,1
643,1,32,2,1865,0,0
644,0,37,0,9568,1,0
645,1,25,0,4519,0,1
646,0,37,1,1298,2,1
647,1,42,0,6784,1,1
648,1,24,2,7228,0,0
649,0,74,1,1775,2,1
650,0,29,0,3589,1,1
651,0,50,1,9840,2,0
652,1,48,0,9408,0,1
653,1,59,1,9048,0,0
654,0,25,2,8546,2,1
655,0,59,2,9750,1,2
656,0,40,1,6493,0,2
657,0,22,2,9300,0,1
658,0,32,0,8515,1,0
659,0,52,1,6552,0,2
660,1,29,0,1890,2,1
661,1,63,1,4360,2,1
662,1,60,2,9434,1,1
663,1,65,0,6883,0,0
664,0,55,0,5795,0,0
665,0,51,0,1633,0,2
666,0,31,0,6130,1,0
667,0,38,2,5757,1,1
668,0,41,1,2597,2,2
669,1,58,1,4800,2,2
670,1,45,0,6245,0,2
671,0,59,1,7667,0,2
672,0,36,0,1468,2,2
673,0,54,1,1464,2,2
674,0,71,1,6193,2,2
675,1,24,2,4347,1,0
676,0,26,0,7185,2,0
677,0,25,0,4426,0,0
678,1,26,0,3257,0,1
679,0,30,2,7573,2,0
680,0,51,0,4764,1,2
681,1,67,2,2784,2,1
682,1,34,0,1821,0,1
683,1,62,0,7540,2,2
684,0,49,0,6335,0,0
685,0,60,2,5198,1,0
686,0,71,0,3285,2,1
687,0,57,0,5100,2,1
688,1,69,1,2384,0,0
689,1,49,1,8455,2,0
690,1,56,0,4718,2,2
691,1,63,2,7529,1,0
692,0,71,0,1590,1,2
693,0,40,0,6373,1,0
694,0,51,2,5947,2,0
695,1,31,1,9810,0,1
696,1,24,0,1082,1,2
697,0,28,2,9370,0,1
698,0,63,1,7289,1,1
699,1,19,0,9254,2,2
700,0,31,1,7224,1,1
701,0,53,0,5386,0,1
702,0,37,0,3980,0,1
703,0,47,1,1220,0,1
704,0,59,2,2363,0,0
705,1,74,0,5645,2,0
706,1,22,1,9351,0,1
707,0,39,0,6743,1,2
708,0,43,0,8171,0,1
709,0,60,2,9453,0,2
710,0,59,2,4127,1,1
711,0,69,1,2813,2,2
712,1,50,1,8020,2,1
713,1,47,2,1904,1,2
714,0,51,1,1108,1,0
715,1,51,0,2891,1,2
716,0,28,1,3656,0,0
717,0,49,2,8186,1,2
718,1,71,0,5463,0,0
719,0,46,2,3215,0,2
720,1,39,1,9524,1,2
721,0,44,1,7139,1,2
722,1,22,2,1799,0,2
723,0,73,1,9226,2,1
724,0,62,0,4855,2,1
725,1,59,2,2396,1,2
726,0,74,2,7152,1,2
727,0,38,0,5635,1,2
728,1,63,1,7856,2,1
729,0,28,2,3027,2,1
730,0,20,0,3293,1,2
731,0,58,2,8173,2,1
732,1,60,1,8372,0,2
733,0,24,0,5084,0,0
734,1,62,2,5052,0,2
735,1,55,2,3446,2,2
736,0,46,0,1756,0,0
737,0,23,0,6101,0,0
738,1,56,1,2846,0,1
739,0,24,2,6092,0,1
740,0,37,1,9368,0,0
741,0,61,2,7887,0,1
742,0,55,0,6532,0,0
743,1,40,2,8454,0,2
744,0,60,0,7674,1,2
745,0,59,1,5903,2,2
746,1,45,0,3633,0,0
747,1,63,0,9608,2,1
748,0,58,1,3292,0,0
749,1,31,2,6615,2,1
750,0,67,1,6333,1,1
751,0,52,2,6881,2,0
752,0,43,0,8806,2,2
753,0,24,1,9528,0,1
754,1,34,2,9005,1,1
755,0,21,0,9354,0,0
756,0,55,1,2500,0,0
757,0,46,0,9656,0,0
758,0,21,2,8942,0,1
759,0,41,1,1131,1,1
760,1,44,1,3224,0,2
761,1,24,0,5103,1,0
762,0,48,2,7602,2,2
763,0,40,1,4783,2,2
764,0,61,0,7113,0,2
765,0,68,2,4328,0,1
766,1,30,1,6042,0,0
767,0,43,2,9648,1,1
768,0,33,0,6546,2,2
769,0,59,1,3418,0,2
770,1,49,0,8194,2,1
771,1,19,0,7138,0,1
772,1,24,2,8541,0,0
773,0,40,0,2875,0,2
774,1,46,0,1536,0,2
775,0,29,1,7641,0,0
776,1,60,2,5163,1,0
777,0,53,1,2573,2,1
778,1,38,2,8501,2,1
779,1,58,1,2289,1,0
780,1,69,1,9800,1,1
781,0,52,2,7496,1,0
782,1,73,1,2163,1,1
783,1,48,1,7529,2,2
784,0,71,2,9109,1,2
785,1,27,2,1042,1,0
786,1,65,1,9288,2,0
787,1,50,2,4824,2,1
788,1,71,0,3836,2,1
789,1,53,0,1557,1,0
790,0,73,0,3884,2,0
791,1,25,1,3626,0,1
792,1,67,0,8728,2,1
793,0,70,1,6408,0,1
794,1,19,0,2161,2,0
795,0,24,1,9487,0,2
796,0,46,0,3715,2,1
797,0,43,2,2312,1,1
798,1,33,1,5452,0,2
799,1,23,2,3087,1,1
800,0,22,1,5966,2,2
801,0,35,2,7919,2,2
802,1,68,1,4286,2,1
803,0,26,0,1452,2,2
804,1,51,0,9447,2,0
805,1,65,2,3616,1,1
806,0,36,0,5095,0,2
807,0,38,1,9692,0,1
808,0,36,1,6671,2,0
809,1,55,1,3703,2,1
810,0,42,2,1499,2,1
811,0,21,1,7055,2,1
812,1,45,0,6182,0,2
813,1,38,2,5145,2,0
814,0,46,0,6312,0,0
815,0,32,2,3312,1,2
816,0,35,1,9347,1,2
817,0,20,0,1916,0,2
818,0,74,0,4980,2,2
819,1,57,1,7348,0,1
820,1,39,2,5170,0,2
821,1,35,0,9867,2,0
822,0,24,0,2751,0,0
823,0,58,0,8828,2,2
824,0,43,1,3391,1,0
825,0,51,2,5597,2,2
826,0,64,0,4862,0,0
827,0,74,1,6818,1,1
828,0,52,0,7672,0,0
829,0,68,2,1744,1,1
830,0,60,1,5399,0,2
831,0,54,0,1630,2,0
832,0,23,1,9164,2,2
833,1,51,1,8129,2,1
834,1,25,0,2508,0,2
835,1,40,0,4315,0,1
836,0,20,2,1025,2,1
837,1,20,1,2049,2,2
838,1,36,0,8583,2,2
839,0,70,0,3839,0,2
840,0,26,0,8796,1,0
841,0,71,0,9439,1,1
842,0,69,1,4759,2,2
843,1,19,2,9385,1,0
844,1,63,0,6944,2,2
845,0,29,0,2084,1,2
846,0,18,1,8804,2,2
847,0,37,1,6120,1,1
848,0,52,0,3727,1,0
849,0,19,1,7330,1,0
850,1,37,1,1067,2,2
851,1,30,2,8385,1,0
852,1,52,2,4853,1,0
853,0,42,0,7271,2,0
854,1,49,0,2136,0,2
855,1,56,2,4415,1,1
856,1,56,1,2184,2,2
857,0,52,1,1682,2,0
858,0,26,1,7024,2,1
859,1,41,2,8467,2,2
860,1,41,2,1080,1,1
861,0,53,2,6357,2,1
862,0,72,0,9060,0,2
863,0,40,0,6953,1,2
864,0,60,0,8396,1,0
865,0,39,1,6026,0,1
866,0,47,0,9032,0,1
867,1,29,2,8405,1,0
868,1,70,2,8102,2,1
869,1,19,0,3284,2,1
870,0,71,0,3869,2,2
871,1,29,2,2222,1,0
872,1,70,1,7056,2,2
873,1,39,1,6004,2,2
874,0,41,1,9837,1,2
875,0,47,0,1262,1,2
876,0,72,1,3259,0,0
877,0,59,1,4947,2,2
878,0,64,2,9759,0,2
879,0,66,1,4971,2,0
880,1,52,0,7061,0,0
881,1,30,1,8942,0,0
882,1,60,0,8927,2,2
883,0,31,0,5500,1,1
884,1,50,2,9905,0,2
885,0,51,2,4211,1,2
886,1,46,1,8375,0,1
887,1,32,1,4437,1,1
888,0,32,2,3475,1,1
889,1,67,0,9596,0,1
890,0,72,0,9872,2,0
891,1,63,0,9060,1,2
892,0,55,2,8292,2,2
893,0,25,2,4845,1,0
894,1,31,0,9507,2,0
895,1,64,0,7819,1,1
896,1,49,0,7422,0,1
897,0,36,2,8407,2,0
898,1,40,0,7210,2,1
899,1,61,1,1206,2,2
900,1,32,1,2880,1,1
901,0,39,1,6478,1,2
902,1,57,2,9587,0,2
903,1,18,0,9981,0,2
904,0,20,2,9980,0,2
905,1,44,1,3394,2,2
906,0,55,1,1394,2,1
907,0,19,0,5862,1,0
908,0,64,0,9438,2,2
909,1,27,0,5376,1,2
910,1,74,1,6022,0,1
911,1,58,2,2097,0,0
912,1,69,1,5510,0,2
913,1,30,0,4235,1,1
914,0,61,1,8088,1,1
915,1,62,1,7756,0,1
916,1,54,0,5124,2,2
917,0,72,1,4192,1,0
918,1,56,2,5528,0,0
919,1,19,2,7496,1,1
920,0,56,1,3995,0,0
921,0,55,2,1335,0,2
922,0,37,1,1528,2,2
923,0,61,1,4190,0,1
924,0,41,2,4157,1,1
925,1,72,2,3990,2,1
926,1,60,1,2753,0,0
927,0,39,2,8649,1,1
928,0,74,0,9018,2,1
929,1,47,2,3988,2,0
930,0,49,2,9173,1,1
931,1,25,0,3663,1,0
932,1,22,1,8346,1,2
933,0,45,0,5961,1,0
934,0,39,0,2799,1,1
935,1,51,2,3641,1,1
936,1,41,2,7463,0,0
937,0,45,0,6608,1,2
938,1,21,1,9803,1,0
939,0,47,0,5541,1,0
940,0,58,0,6532,2,0
941,0,48,1,9485,2,1
942,0,67,0,5434,2,1
943,1,50,2,2038,2,1
944,1,54,0,9403,2,1
945,0,64,2,3445,0,2
946,0,18,2,4503,1,2
947,1,28,1,6751,0,2
948,1,30,0,2097,1,2
949,0,68,0,3914,0,2
950,1,64,2,9271,2,2
951,0,44,0,4347,1,2
952,1,41,2,3104,2,0
953,1,45,2,5103,1,2
954,0,18,0,6274,1,0
955,1,35,0,7021,1,2
956,0,47,0,1070,1,2
957,0,73,0,4359,2,0
958,0,50,0,8133,2,2
959,1,32,0,9117,0,1
960,1,61,1,4294,2,2
961,1,43,1,5778,1,2
962,1,26,0,1787,0,1
963,0,72,0,4872,2,0
964,0,58,2,1260,0,1
965,0,30,2,5406,1,1
966,0,28,1,2908,1,2
967,1,65,1,8613,1,1
968,1,38,0,9334,0,0
969,1,35,1,8107,2,1
970,1,24,0,9468,2,2
971,1,43,0,8049,2,0
972,0,64,0,7288,2,1
973,0,45,1,3724,2,0
974,1,22,1,1069,2,2
975,0,25,1,9229,2,0
976,0,26,2,8003,1,2
977,1,42,0,9252,0,0
978,1,20,0,1909,1,0
979,1,26,0,9541,2,0
980,1,57,1,7124,1,2
981,1,56,2,2057,0,0
982,0,50,1,3701,2,0
983,1,51,0,9108,2,2
984,0,32,1,7402,2,0
985,1,43,0,8891,2,0
986,0,38,2,1743,1,0
987,0,47,2,6648,0,2
988,0,38,0,5465,2,0
989,0,25,2,4833,0,1
990,1,45,1,3591,0,0
991,1,28,1,5956,2,2
992,1,52,0,9450,1,1
993,1,41,2,1603,0,2
994,1,31,2,2001,1,1
995,1,19,1,9719,2,0
996,1,43,1,4479,1,1
997,0,45,0,6234,2,0
998,0,28,1,5179,1,2
999,0,34,2,2152,2,1
1000,0,60,2,8464,1,1
1001,0,58,0,8098,1,0
1002,0,52,1,8553,1,1
1003,0,67,0,6092,2,0
1004,0,73,1,8263,1,1
1005,1,53,2,2777,1,2
1006,1,70,2,3152,0,1
1007,0,30,0,1525,2,1
1008,1,33,1,3310,2,0
1009,0,60,0,1601,2,2
1010,0,33,1,3178,0,2
1011,0,22,1,8310,2,0
1012,1,32,0,9347,2,1
1013,1,61,0,1940,2,2
1014,0,45,0,4367,1,0
1015,0,53,1,4623,2,2
1016,1,49,1,7944,2,2
1017,1,42,1,9096,0,2
1018,0,73,2,5304,0,1
1019,1,49,0,8732,1,1
1020,0,20,0,9055,0,1
1021,0,64,0,1142,1,0
1022,1,52,0,5843,1,1
1023,0,63,0,6702,2,2
1024,1,23,1,1683,0,2
1025,0,44,2,3320,0,1
1026,0,48,0,1298,0,1
1027,1,25,1,9180,2,1
1028,1,40,0,3417,1,1
1029,0,28,2,5850,0,1
1030,0,71,1,4035,2,0
1031,1,35,2,6662,2,1
1032,1,43,0,5878,1,1
1033,0,29,0,3147,1,2
1034,0,47,1,1454,0,2
1035,0,20,1,6780,0,1
1036,0,26,1,1593,1,1
1037,1,44,2,2344,0,1
1038,0,23,0,5945,1,1
1039,1,42,0,8709,1,0
1040,1,25,1,8921,1,2
1041,0,28,1,7472,2,0
1042,0,29,2,1367,2,2
1043,1,21,2,8632,0,2
1044,1,34,1,9660,2,2
1045,0,65,1,1704,0,0
1046,0,55,2,2474,1,1
1047,0,46,0,6924,2,0
1048,0,44,2,5942,0,0
1049,1,68,0,7870,1,2
1050,0,59,1,4705,2,0
1051,1,35,2,6533,1,0
1052,0,38,0,9008,0,2
1053,0,49,1,5864,0,0
1054,1,49,2,5488,0,1
1055,0,43,1,8249,0,2
1056,1,29,0,1886,2,0
1057,0,37,0,9922,2,1
1058,0,25,0,9501,2,1
1059,0,20,1,2670,2,2
1060,0,65,0,8280,2,2
1061,1,49,0,6134,0,0
1062,1,72,0,9974,1,2
1063,0,44,2,3287,0,2
1064,0,64,1,3974,0,1
1065,1,59,2,8194,0,1
1066,1,52,2,6048,1,1
1067,0,40,0,5179,2,2
1068,1,45,0,9599,1,1
1069,1,36,1,5210,1,0
1070,1,70,1,9402,1,1
1071,0,24,1,1778,2,1
1072,0,26,1,6614,1,2
1073,0,71,2,4204,0,2
1074,0,36,2,5274,2,2
1075,1,57,1,1903,1,1
1076,0,62,0,8766,1,2
1077,0,31,2,5356,1,1
1078,1,56,1,7718,1,2
1079,1,68,2,2063,1,0
1080,0,36,0,2371,2,2
1081,1,24,2,7115,2,2
1082,1,35,0,8599,2,0
1083,0,38,1,1464,1,0
1084,1,31,2,1226,2,0
1085,1,57,2,6452,1,2
1086,0,66,0,4759,2,0
1087,0,25,0,5769,1,1
1088,1,42,1,8015,0,0
1089,1,43,1,7669,1,0
1090,0,72,2,8045,1,0
1091,1,66,2,5241,2,0
1092,1,55,1,3965,2,1
1093,1,60,2,1316,0,2
1094,1,24,2,8690,1,2
1095,1,71,1,2196,2,2
1096,0,27,2,7161,0,1
1097,1,23,1,8000,2,0
1098,0,53,0,2719,0,0
1099,1,49,2,7954,1,0
1100,0,52,0,1593,0,0
1101,1,51,1,2033,2,2
1102,1,33,0,2659,2,2
1103,0,66,0,1034,1,0
1104,1,71,0,4062,2,2
1105,0,23,1,2897,1,1
1106,1,50,0,2636,0,0
1107,1,42,2,2366,1,1
1108,0,32,1,4193,1,2
1109,0,67,2,6521,2,0
1110,0,35,2,2942,2,2
1111,1,38,2,8371,0,0
1112,1,48,1,9196,0,2
1113,1,45,1,7560,1,1
1114,1,49,2,6067,0,0
1115,0,73,1,9749,2,2
1116,1,46,0,5653,2,1
1117,0,20,1,8757,0,0
1118,0,22,1,7581,0,1
1119,1,52,2,3412,1,2
1120,1,70,1,5106,1,0
1121,0,27,2,2251,1,0
1122,0,68,1,4467,0,2
1123,1,66,1,9721,2,2
1124,0,58,2,4094,0,1
1125,1,23,0,5878,0,1
1126,0,72,0,6643,2,0
1127,0,40,1,8368,2,2
1128,1,38,0,5329,2,2
1129,1,34,1,3537,1,1
1130,0,39,2,4672,2,0
1131,0,22,1,9215,2,1
1132,1,28,1,2778,1,1
1133,1,69,0,6956,0,2
1134,1,66,2,5378,1,1
1135,1,51,2,8543,1,2
1136,0,56,2,5290,1,0
1137,1,57,2,3688,2,1
1138,1,57,0,5647,1,0
1139,0,58,1,2237,1,0
1140,0,19,1,8364,1,0
1141,0,49,1,9429,2,1
1142,0,70,1,1699,1,2
1143,1,62,2,2987,2,0
1144,0,38,0,9510,0,0
1145,0,42,1,9705,0,0
1146,1,62,2,9504,2,2
1147,1,20,1,2106,0,0
1148,1,44,0,2520,2,1
1149,1,61,0,3404,2,1
1150,1,42,2,4961,2,1
1151,1,39,2,1584,2,2
1152,1,46,2,9201,1,2
1153,1,61,0,3972,1,2
1154,1,50,0,9235,2,1
1155,1,65,2,5769,2,0
1156,0,66,1,8897,2,0
1157,1,56,1,8130,2,1
1158,0,65,2,6643,2,2
1159,1,74,0,2585,0,0
1160,1,33,0,4689,2,0
1161,0,23,1,9957,0,0
1162,1,61,0,5544,0,0
1163,1,65,1,4659,0,2
1164,1,49,1,4646,2,0
1165,0,67,2,7032,0,0
1166,1,67,2,1968,1,2
1167,0,39,2,2972,1,0
1168,0,39,2,1011,1,2
1169,0,40,2,9526,1,1
1170,1,49,0,9204,0,0
1171,0,19,2,3806,1,2
1172,0,52,2,1952,1,2
1173,1,60,1,2753,1,2
1174,0,49,1,8289,1,2
1175,0,23,2,6140,2,0
1176,0,64,2,6315,2,2
1177,0,63,1,3945,1,2
1178,0,25,0,9400,2,2
1179,0,70,0,6127,2,2
1180,0,45,2,8161,0,2
1181,1,58,2,6290,0,0
1182,1,63,2,5094,1,2
1183,1,54,0,5618,0,2
1184,1,43,1,8148,2,0
1185,0,54,0,2212,2,1
1186,1,58,0,4684,1,0
1187,0,56,0,6166,0,2
1188,1,74,1,2362,1,0
1189,1,62,1,8866,2,0
1190,0,53,0,7973,0,0
1191,1,57,0,9443,1,0
1192,0,71,2,9674,2,0
1193,0,46,2,4221,1,1
1194,1,58,1,5517,1,2
1195,0,73,1,7628,0,1
1196,0,57,0,1944,0,2
1197,1,70,0,8190,1,1
1198,0,24,0,7301,2,2
1199,0,55,1,8535,0,2
1200,1,43,1,4822,0,2
1201,1,74,0,9366,2,0
1202,0,37,2,7018,1,1
1203,0,60,0,6673,2,0
1204,1,45,2,8433,0,2
1205,0,49,0,8097,1,1
1206,0,39,0,2680,1,0
1207,0,40,1,7274,1,0
1208,1,70,2,7198,1,2
1209,1,74,1,1939,0,1
1210,1,72,1,4984,0,1
1211,0,39,1,7273,2,2
1212,0,32,0,9760,2,1
1213,1,34,0,5334,1,0
1214,1,34,1,8065,2,2
1215,1,24,1,1850,2,2
1216,1,28,1,5679,0,0
1217,1,37,2,7217,1,0
1218,1,26,0,8037,0,2
1219,0,60,1,5817,2,0
1220,0,48,0,5551,2,2
1221,0,23,2,8152,2,2
1222,1,42,2,3776,2,2
1223,1,66,1,5144,2,2
1224,0,56,1,3324,0,1
1225,0,69,1,9272,1,0
1226,1,23,1,3062,2,2
1227,0,50,2,4270,0,2
1228,1,32,0,9507,1,0
1229,0,51,1,3201,0,0
1230,1,53,2,5935,0,1
1231,0,27,1,9532,2,2
1232,1,55,2,6023,2,0
1233,1,36,0,3868,1,2
1234,0,66,2,5098,1,1
1235,0,44,0,2453,0,1
1236,0,67,0,3217,1,1
1237,0,74,1,3562,1,0
1238,0,26,1,8572,2,1
1239,0,67,1,1272,1,2
1240,1,73,2,6752,0,0
1241,1,24,2,6444,1,0
1242,1,55,1,1853,0,0
1243,0,24,2,4748,2,0
1244,1,50,0,7327,1,1
1245,1,40,0,3336,2,2
1246,0,22,2,1643,1,0
1247,0,64,1,1876,2,2
1248,1,42,1,4256,0,2
1249,1,35,1,3747,1,0
1250,1,74,0,6489,1,1
1251,0,38,0,5018,0,2
1252,0,59,1,5320,2,0
1253,1,33,2,5797,0,1
1254,1,51,1,6200,1,2
1255,1,48,1,6623,0,0
1256,1,34,0,2461,1,1
1257,0,36,1,8479,1,0
1258,0,58,2,4174,1,2
1259,0,69,0,2900,2,2
1260,0,29,1,9099,2,2
1261,0,72,1,7957,2,1
1262,1,20,2,3541,1,0
1263,0,22,0,6000,1,2
1264,1,69,0,8276,0,2
1265,0,29,2,4930,1,2
1266,0,60,2,2647,1,1
1267,1,29,0,4606,0,0
1268,1,74,0,6316,0,1
1269,0,21,2,4436,0,1
1270,1,39,0,1117,0,1
1271,0,39,2,2843,0,0
1272,1,31,0,5585,2,2
1273,1,39,0,9656,1,2
1274,0,35,1,1661,1,1
1275,0,60,0,3802,1,2
1276,1,31,0,5406,2,2
1277,0,72,0,3854,2,2
1278,0,58,0,4771,0,0
1279,1,33,1,2129,0,0
1280,1,33,0,7377,0,2
1281,0,60,0,7526,1,1
1282,1,32,0,2207,0,2
1283,1,61,0,6856,1,1
1284,0,30,2,1474,2,1
1285,0,55,2,6154,1,0
1286,0,45,2,5585,2,1
1287,0,36,1,3585,2,0
1288,0,24,1,7713,0,0
1289,1,48,2,8761,2,0
1290,0,35,1,1071,0,2
1291,0,65,2,9870,2,0
1292,1,19,1,3315,0,2
1293,0,50,1,8587,2,2
1294,0,37,2,5610,2,1
1295,0,53,2,4855,1,1
1296,1,42,0,9874,1,0
1297,1,68,1,8790,2,2
1298,0,44,0,6997,1,2
1299,0,58,0,7266,0,2
1300,0,70,0,4503,1,1
1301,1,67,0,6962,1,2
1302,1,50,1,4213,0,0
1303,1,70,1,4977,1,1
1304,1,31,0,4339,1,2
1305,1,33,0,3256,2,2
1306,1,69,0,9266,0,1
1307,0,71,2,1652,1,0
1308,1,61,2,8621,0,0
1309,1,48,1,8685,2,0
1310,0,19,1,5544,2,1
1311,1,57,0,2745,2,0
1312,1,48,2,9925,1,1
1313,0,74,0,4745,2,0
1314,1,63,0,3414,2,2
1315,0,26,1,1781,2,2
1316,0,38,2,3870,2,1
1317,1,65,2,8531,0,0
1318,1,38,1,3730,2,1
1319,0,35,2,3729,0,2
1320,1,50,2,3416,2,1
1321,0,22,1,6917,0,0
1322,1,29,1,2997,0,1
1323,0,71,0,9105,1,0
1324,1,36,2,7422,2,2
1325,1,57,2,2826,2,0
1326,1,73,0,5379,1,1
1327,0,24,1,4275,2,2
1328,1,26,2,8161,1,0
1329,1,25,2,5881,1,2
1330,1,24,2,7817,2,1
1331,1,50,2,3067,2,0
1332,1,51,0,8248,1,2
1333,0,20,1,3935,1,0
1334,0,25,2,6663,2,1
1335,0,22,2,7319,1,2
1336,0,45,0,7723,0,2
1337,1,55,2,2123,2,0
1338,1,38,1,8695,2,0
1339,0,50,2,1720,2,0
1340,1,23,2,1241,2,0
1341,1,58,2,4181,2,0
1342,0,62,1,9254,1,2
1343,1,44,2,4157,0,2
1344,1,26,2,4345,2,1
1345,0,43,0,1845,0,1
1346,1,42,0,1725,1,1
1347,0,36,0,1032,0,1
1348,1,68,1,6283,0,2
1349,0,59,1,8132,0,0
1350,0,27,1,4004,2,1
1351,0,62,0,1503,1,0
1352,0,35,0,4886,0,0
1353,0,66,1,2178,0,2
1354,0,29,0,4425,2,1
1355,1,44,2,3811,1,2
1356,1,63,2,1086,2,1
1357,0,37,1,4992,0,1
1358,1,74,0,2373,1,2
1359,1,55,1,9391,1,0
1360,0,33,2,2666,0,1
1361,0,61,2,9532,0,1
1362,0,21,2,6250,1,0
1363,0,45,2,8478,2,1
1364,1,42,2,6128,0,2
1365,1,56,0,2166,2,2
1366,0,63,1,8654,2,1
1367,0,36,1,8510,1,1
1368,0,33,2,6892,0,2
1369,0,39,0,5075,2,0
1370,0,18,2,8237,0,0
1371,0,71,1,6848,2,1
1372,0,43,1,5951,1,1
1373,1,23,2,5506,1,2
1374,1,55,1,3686,1,2
1375,0,28,0,8378,1,1
1376,0,52,1,6724,2,0
1377,1,74,2,3660,2,1
1378,1,33,1,4373,0,1
1379,1,38,2,8423,0,0
1380,1,49,1,3878,1,2
1381,0,60,0,4926,1,2
1382,0,56,0,3286,0,0
1383,1,27,1,1729,0,1
1384,1,37,2,6964,1,2
1385,0,39,0,8335,2,0
1386,0,36,0,8766,1,0
1387,1,38,0,2317,1,2
1388,1,55,2,2523,2,0
1389,1,65,1,4508,2,1
1390,0,45,1,3060,1,0
1391,1,52,2,4426,0,1
1392,0,58,0,8151,2,1
1393,1,35,0,4191,1,2
1394,1,29,2,8857,1,1
1395,1,28,0,6679,2,0
1396,0,27,0,6934,1,2
1397,1,69,1,7216,0,2
1398,1,25,0,8599,2,1
1399,0,49,2,2851,0,2
1400,0,23,1,7292,1,0
1401,0,67,1,1430,2,2
1402,1,35,2,1831,2,1
1403,0,48,1,8055,0,1
1404,1,27,0,7253,0,1
1405,0,43,2,1247,2,2
1406,0,26,0,4271,2,2
1407,0,43,1,9674,0,2
1408,0,65,0,4495,1,1
1409,0,57,2,3390,2,0
1410,0,26,1,8317,0,1
1411,0,67,1,6989,0,2
1412,0,32,1,3199,2,2
1413,1,25,0,9622,2,2
1414,1,48,2,1341,2,0
1415,0,42,0,7964,1,1
1416,1,74,2,4918,1,2
1417,0,41,2,4404,1,0
1418,1,42,2,6067,1,1
1419,0,69,1,5288,1,0
1420,1,70,2,3849,2,1
1421,0,18,0,9177,2,1
1422,0,44,2,3925,2,1
1423,1,69,1,3082,0,1
1424,0,42,1,3716,2,2
1425,1,19,0,7280,1,2
1426,0,27,2,8483,2,1
1427,0,35,0,2928,1,2
1428,0,47,1,4995,1,0
1429,1,64,1,6156,0,1
1430,1,71,0,6917,0,1
1431,0,56,1,6723,1,1
1432,1,45,0,8679,1,1
1433,0,50,1,5634,2,0
1434,1,59,2,8716,1,0
1435,0,22,2,8311,1,2
1436,0,38,0,7329,2,0
1437,1,64,2,6629,2,2
1438,1,61,0,5531,0,0
1439,0,62,0,1507,0,2
1440,0,40,0,2486,1,0
1441,0,61,2,1497,2,1
1442,0,59,1,6064,2,0
1443,1,46,1,4210,1,1
1444,1,35,2,2138,0,1
1445,1,63,0,2167,2,2
1446,0,38,0,6802,1,1
1447,1,29,0,5395,0,2
1448,0,31,0,6099,0,1
1449,0,57,1,7572,2,1
1450,1,45,2,8675,0,2
1451,1,50,0,1265,1,1
1452,0,44,0,8486,1,1
1453,0,27,0,1388,0,1
1454,1,51,0,7308,0,0
1455,1,27,2,1716,2,1
1456,0,60,2,3250,0,0
1457,0,39,2,7092,2,1
1458,1,51,2,1683,2,2
1459,1,37,2,6840,1,0
1460,0,52,0,7637,0,1
1461,1,24,1,2372,1,2
1462,0,48,1,3764,1,1
1463,1,69,1,7253,2,0
1464,1,41,1,2794,1,1
1465,0,25,0,3505,2,1
1466,0,32,1,9088,0,0
1467,0,55,1,8741,1,1
1468,0,24,1,5629,0,1
1469,1,62,2,7780,0,1
1470,1,58,1,8339,2,0
1471,0,41,0,6883,2,0
1472,0,18,1,8641,0,2
1473,1,54,0,6583,2,0
1474,1,35,0,9042,1,1
1475,0,43,1,5069,2,0
1476,1,28,2,8704,2,0
1477,1,38,2,9117,0,2
1478,0,45,2,4587,1,1
1479,0,71,0,5459,1,0
1480,0,28,1,1957,0,0
1481,0,46,2,1831,0,0
1482,1,37,2,5910,2,0
1483,1,68,1,8880,0,2
1484,0,40,2,4735,1,2
1485,1,48,2,8375,0,0
1486,0,67,2,8685,1,2
1487,1,74,2,3189,2,1
1488,1,63,2,6501,2,0
1489,0,53,1,6890,2,0
1490,1,53,1,5248,0,0
1491,1,47,0,8843,2,0
1492,1,72,1,7642,1,2
1493,0,60,1,7820,0,0
1494,0,39,0,4200,2,2
1495,1,25,1,6693,1,0
1496,1,18,0,7398,0,1
1497,1,60,2,3893,0,1
1498,0,20,1,2962,0,2
1499,0,63,0,6365,2,1
